date,name,price,market_cap,circulating_supply,github_commits,github_stars,github_forks,github_contributors,github_followers,twitter_followers,reddit_members,amount_news_articles
2022-11-01,binance-usd,1.0009,21414000000.0,21395000000.0,1,1,1,1,1,1,0,0
2022-11-01,bitcoin,20457.65,392697000000.0,19196000.0,1,1,1,1,1,0,1,22
2022-11-01,cardano,0.403617,13857000000.0,34331000000.000004,0,0,0,0,0,1,1,0
2022-11-01,dogecoin,0.13973,18538000000.0,132670999999.99998,1,1,1,1,1,1,1,12
2022-11-01,ethereum,1582.17,193616000000.0,122374000.0,1,1,1,1,1,1,1,6
2022-11-01,polygon,0.881694,7701000000.0,8734000000.0,1,1,1,1,1,1,1,0
2022-11-01,solana,32.36,11629000000.0,359332000.0,0,0,0,0,0,1,1,2
2022-11-01,tether,0.999962,69417000000.0,69420000000.0,0,0,0,0,0,1,0,0
2022-11-01,tron,0.062854,5799000000.0,92254000000.0,1,1,1,1,1,1,1,0
2022-11-01,usd-coin,0.999966,43398000000.0,43400000000.0,1,1,1,1,1,0,0,0
2022-11-01,xrp,0.462727,23176000000.0,50085000000.0,1,1,1,1,1,1,1,2
2022-11-02,binance-usd,0.999936,21657000000.0,21659000000.0,1,1,1,1,1,1,0,0
2022-11-02,bitcoin,20413.78,391869000000.0,19196000.0,1,1,1,1,1,0,1,27
2022-11-02,cardano,0.392895,13488000000.0,34331000000.000004,0,0,0,0,0,1,1,0
2022-11-02,dogecoin,0.130309,17288000000.0,132670999999.99998,1,1,1,1,1,1,1,11
2022-11-02,ethereum,1554.64,190247000000.0,122374000.0,1,1,1,1,1,1,1,15
2022-11-02,polygon,0.851937,7441000000.0,8734000000.0,1,1,1,1,1,1,1,2
2022-11-02,solana,31.27,11238000000.0,359331000.0,0,0,0,0,0,1,1,4
2022-11-02,tether,0.999976,69418000000.0,69420000000.0,0,0,0,0,0,1,0,0
2022-11-02,tron,0.062336,5751000000.0,92251000000.0,1,1,1,1,1,1,1,0
2022-11-02,usd-coin,1.0002,42975000000.0,42968000000.0,1,1,1,1,1,0,0,2
2022-11-02,xrp,0.455695,22824000000.0,50085000000.0,1,1,1,1,1,1,1,1
2022-11-03,binance-usd,1.0005,21670000000.0,21659000000.0,1,1,1,1,1,1,0,0
2022-11-03,bitcoin,20265.87,389055000000.0,19198000.0,1,1,1,1,1,0,1,27
2022-11-03,cardano,0.394124,13531000000.0,34331000000.000004,0,0,0,0,0,1,1,0
2022-11-03,dogecoin,0.128968,17110000000.0,132670999999.99998,1,1,1,1,1,1,1,2
2022-11-03,ethereum,1542.87,188807000000.0,122374000.0,1,1,1,1,1,1,1,12
2022-11-03,polygon,0.964429,8423999999.999999,8734000000.0,1,1,1,1,1,1,1,7
2022-11-03,solana,31.22,11223000000.0,359466000.0,0,0,0,0,0,1,1,5
2022-11-03,tether,0.999994,69350000000.0,69351000000.0,0,0,0,0,0,1,0,1
2022-11-03,tron,0.061842,5705000000.0,92246000000.0,1,1,1,1,1,1,1,3
2022-11-03,usd-coin,1.0001,42130000000.0,42126000000.0,1,1,1,1,1,0,0,0
2022-11-03,xrp,0.45818,22948000000.0,50085000000.0,1,1,1,1,1,1,1,0
2022-11-04,binance-usd,1.0003,21664000000.0,21659000000.0,1,1,1,1,1,1,0,0
2022-11-04,bitcoin,21171.29,406449000000.0,19198000.0,1,1,1,1,1,0,1,25
2022-11-04,cardano,0.417588,14338000000.0,34334000000.000004,0,0,0,0,0,1,1,0
2022-11-04,dogecoin,0.127027,16853000000.000002,132670999999.99998,1,1,1,1,1,1,1,3
2022-11-04,ethereum,1653.86,202390000000.0,122374000.0,1,1,1,1,1,1,1,10
2022-11-04,polygon,1.1424,9978000000.0,8734000000.0,1,1,1,1,1,1,1,4
2022-11-04,solana,33.64,12081000000.0,359081000.0,0,0,0,0,0,1,1,5
2022-11-04,tether,1.0001,69355000000.0,69351000000.0,0,0,0,0,0,1,0,3
2022-11-04,tron,0.063371,5846000000.0,92243000000.0,1,1,1,1,1,1,1,1
2022-11-04,usd-coin,1.0,42286000000.0,42285000000.0,1,1,1,1,1,0,0,1
2022-11-04,xrp,0.498212,24953000000.0,50085000000.0,1,1,1,1,1,1,1,0
2022-11-05,binance-usd,1.0002,22548000000.0,22544000000.0,1,1,1,1,1,1,0,0
2022-11-05,bitcoin,21278.08,408518000000.0,19199000.0,1,1,1,1,1,0,1,14
2022-11-05,cardano,0.4248,14588000000.0,34339000000.0,0,0,0,0,0,1,1,0
2022-11-05,dogecoin,0.1263,16761000000.0,132670999999.99998,1,1,1,1,1,1,1,1
2022-11-05,ethereum,1633.3,199874000000.0,122374000.0,1,1,1,1,1,1,1,4
2022-11-05,polygon,1.1952,10439000000.0,8734000000.0,1,1,1,1,1,1,1,2
2022-11-05,solana,34.68,12458000000.0,359223000.0,0,0,0,0,0,1,1,3
2022-11-05,tether,1.0001,69369000000.0,69361000000.0,0,0,0,0,0,1,0,1
2022-11-05,tron,0.0638,5887000000.0,92240000000.0,1,1,1,1,1,1,1,0
2022-11-05,usd-coin,1.0,42051000000.0,42049000000.0,1,1,1,1,1,0,0,1
2022-11-05,xrp,0.4946,24834000000.0,50215000000.0,1,1,1,1,1,1,1,0
2022-11-06,binance-usd,0.999949,22543000000.0,22544000000.0,1,1,1,1,1,1,0,0
2022-11-06,bitcoin,21222.64,407472000000.0,19200000.0,1,1,1,1,1,0,1,0
2022-11-06,cardano,0.4212,14465000000.0,34344000000.0,0,0,0,0,0,1,1,0
2022-11-06,dogecoin,0.124,16448000000.0,132670999999.99998,1,1,1,1,1,1,1,0
2022-11-06,ethereum,1621.79,198464000000.0,122374000.0,1,1,1,1,1,1,1,0
2022-11-06,polygon,1.1511,10054000000.0,8734000000.0,1,1,1,1,1,1,1,0
2022-11-06,solana,35.72,12833000000.0,359223000.0,0,0,0,0,0,1,1,1
2022-11-06,tether,1.0,69364000000.0,69361000000.0,0,0,0,0,0,1,0,0
2022-11-06,tron,0.064654,5963000000.0,92237000000.0,1,1,1,1,1,1,1,0
2022-11-06,usd-coin,0.999909,42094000000.0,42096000000.0,1,1,1,1,1,0,0,0
2022-11-06,xrp,0.4898,24597000000.0,50215000000.0,1,1,1,1,1,1,1,0
2022-11-07,binance-usd,1.0001,22546000000.0,22544000000.0,1,1,1,1,1,1,0,0
2022-11-07,bitcoin,20752.78,398469000000.0,19201000.0,1,1,1,1,1,0,1,5
2022-11-07,cardano,0.409828,14075000000.0,34344000000.0,0,0,0,0,0,1,1,0
2022-11-07,dogecoin,0.117256,15556000000.0,132670999999.99998,1,1,1,1,1,1,1,2
2022-11-07,ethereum,1583.16,193738000000.0,122374000.0,1,1,1,1,1,1,1,4
2022-11-07,polygon,1.1944,10432000000.0,8734000000.0,1,1,1,1,1,1,1,2
2022-11-07,solana,31.44,11310000000.0,359728000.0,0,0,0,0,0,1,1,3
2022-11-07,tether,1.0001,69366000000.0,69361000000.0,0,0,0,0,0,1,0,1
2022-11-07,tron,0.062461,5761000000.0,92233000000.0,1,1,1,1,1,1,1,0
2022-11-07,usd-coin,1.0004,42737000000.0,42721000000.0,1,1,1,1,1,0,0,1
2022-11-07,xrp,0.471913,23697000000.0,50215000000.0,1,1,1,1,1,1,1,0
